제목,회사,link(Senior) Developer Fullstack (Typescript / Javascript / Node.js),DATATRONiQ,https://berlinstartupjobs.com/engineering/senior-developer-fullstack-typescript-javascript-node-js-m-f-d-datatroniq/
(Senior) Backend Developer (Golang),DATATRONiQ,https://berlinstartupjobs.com/engineering/senior-backend-developer-golang-m-f-d-datatroniq/
Senior Data Engineer,Latana,https://berlinstartupjobs.com/engineering/senior-data-engineer-latana/
3D Design for hardware production assistance Intern (m, f, d),LIQUIDLOOP,https://berlinstartupjobs.com/internships/3d-design-for-hardware-production-assistance-intern-m-f-d-liquidloop-gmbh/
Senior Golang Engineer (f/m/d) – Berlin/hybrid,FinCompare,https://berlinstartupjobs.com/engineering/senior-golang-engineer-f-m-d-berlin-hybrid-fincompare/
Senior Software Engineer,mediaire,https://berlinstartupjobs.com/engineering/senior-software-engineer-mediaire/
Senior Fullstack Engineer (f/m/d),Kaiko Systems,https://berlinstartupjobs.com/engineering/senior-fullstack-engineer-f-m-d-kaiko-systems/
Geospatial Engineer,Maya Climate,https://berlinstartupjobs.com/engineering/geospatial-engineer-maya-climate/
Senior Software Engineer: Protocol Go IPFS,Keyko,https://web3.career/senior-software-engineer-protocol-go-ipfs-keyko/75441
Smart contract engineer DeFi,TruFin Labs,https://web3.career/smart-contract-engineer-defi-trufin-labs/74680
Senior Full Stack Engineer Backend Focused,Story Protocol,https://web3.career/senior-full-stack-engineer-backend-focused-story-protocol/74442
Python Developer,Launchpadtechnologiesinc,https://web3.career/python-developer-launchpadtechnologiesinc/73690
Python Developer,Launchpadtechnologiesinc,https://web3.career/python-developer-launchpadtechnologiesinc/73690
Senior Python Software Engineer Web3 DeFi,clearmatics,https://web3.career/senior-python-software-engineer-web3-defi-clearmatics/73500
DeFi Protocol Engineer Ethereum Python,clearmatics,https://web3.career/defi-protocol-engineer-ethereum-python-clearmatics/73498
Senior Python Engineer Blockchain Cryptocurrencies,Bitpanda,https://web3.career/senior-python-engineer-blockchain-cryptocurrencies-bitpanda/71967
Python BackEnd Engineer Gigster Network,Gigster,https://web3.career/python-back-end-engineer-gigster-network-gigster/71602
Software Engineer Python Assets Hedging,Bitpanda,https://web3.career/software-engineer-python-assets-hedging-bitpanda/70799
Senior Software Engineer Blockchain Python,Bitpanda,https://web3.career/senior-software-engineer-blockchain-python-bitpanda/70371
Senior Software Engineer Python,Swissblock,https://web3.career/senior-software-engineer-python-swissblock/70362
Python Engineer Blockchain Crypto,Bitpanda,https://web3.career/python-engineer-blockchain-crypto-bitpanda/70219
Senior Python Data Engineer Finance Digital Transmation,Crypto.com,https://web3.career/senior-python-data-engineer-finance-digital-transformation-crypto-com/69134
Python Engineer,Wallet,https://web3.career/python-engineer-wallet/68750
Tech lead L2,Keyko,https://web3.career/tech-lead-l2-keyko/67404
Senior BackEnd Engineer Javascript Python,Web3 Recruit,https://web3.career/senior-back-end-engineer-javascript-python-web3-recruit/67989
Senior Data Scientist $200k,Web3 Recruit,https://web3.career/senior-data-scientist-200k-web3-recruit/67717
Software Engineer Blockchain Python,Bitpanda,https://web3.career/software-engineer-blockchain-python-bitpanda/67421
Senior BackEnd Engineer Javascript Python,Volume,https://web3.career/senior-back-end-engineer-javascript-python-volume-finance/67202
Senior Python FrontEnd Developer,Stake Capital Group,https://web3.career/senior-python-front-end-developer-stake-capital-group/66245
DevOps Site Reliability Engineer,Gelato,https://web3.career/devops-site-reliability-engineer-gelato/66091
Support Engineer with Python,CoW Protocol,https://web3.career/support-engineer-with-python-cowswap/65965
DevOps Engineer,stakefish,https://web3.career/devops-engineer-stakefish/65579
Senior Python Engineer Assets and Hedging,Bitpanda,https://web3.career/senior-python-engineer-assets-and-hedging-bitpanda/65455
Senior QA Engineer Cloud Auto + Java Python Coding,Binance,https://web3.career/senior-qa-engineer-cloud-auto-java-python-coding-binance/65103
(Senior) Developer Fullstack (Typescript / Javascript / Node.js),DATATRONiQ,https://berlinstartupjobs.com/engineering/senior-developer-fullstack-typescript-javascript-node-js-m-f-d-datatroniq/
(Senior) Backend Developer (Golang),DATATRONiQ,https://berlinstartupjobs.com/engineering/senior-backend-developer-golang-m-f-d-datatroniq/
Senior Data Engineer,Latana,https://berlinstartupjobs.com/engineering/senior-data-engineer-latana/
3D Design for hardware production assistance Intern (m, f, d),LIQUIDLOOP,https://berlinstartupjobs.com/internships/3d-design-for-hardware-production-assistance-intern-m-f-d-liquidloop-gmbh/
Senior Golang Engineer (f/m/d) – Berlin/hybrid,FinCompare,https://berlinstartupjobs.com/engineering/senior-golang-engineer-f-m-d-berlin-hybrid-fincompare/
Senior Software Engineer,mediaire,https://berlinstartupjobs.com/engineering/senior-software-engineer-mediaire/
Senior Fullstack Engineer (f/m/d),Kaiko Systems,https://berlinstartupjobs.com/engineering/senior-fullstack-engineer-f-m-d-kaiko-systems/
Geospatial Engineer,Maya Climate,https://berlinstartupjobs.com/engineering/geospatial-engineer-maya-climate/
Senior Software Engineer: Protocol Go IPFS,Keyko,https://web3.career/senior-software-engineer-protocol-go-ipfs-keyko/75441
Smart contract engineer DeFi,TruFin Labs,https://web3.career/smart-contract-engineer-defi-trufin-labs/74680
Senior Full Stack Engineer Backend Focused,Story Protocol,https://web3.career/senior-full-stack-engineer-backend-focused-story-protocol/74442
Python Developer,Launchpadtechnologiesinc,https://web3.career/python-developer-launchpadtechnologiesinc/73690
Python Developer,Launchpadtechnologiesinc,https://web3.career/python-developer-launchpadtechnologiesinc/73690
Senior Python Software Engineer Web3 DeFi,clearmatics,https://web3.career/senior-python-software-engineer-web3-defi-clearmatics/73500
DeFi Protocol Engineer Ethereum Python,clearmatics,https://web3.career/defi-protocol-engineer-ethereum-python-clearmatics/73498
Senior Python Engineer Blockchain Cryptocurrencies,Bitpanda,https://web3.career/senior-python-engineer-blockchain-cryptocurrencies-bitpanda/71967
Python BackEnd Engineer Gigster Network,Gigster,https://web3.career/python-back-end-engineer-gigster-network-gigster/71602
Software Engineer Python Assets Hedging,Bitpanda,https://web3.career/software-engineer-python-assets-hedging-bitpanda/70799
Senior Software Engineer Blockchain Python,Bitpanda,https://web3.career/senior-software-engineer-blockchain-python-bitpanda/70371
Senior Software Engineer Python,Swissblock,https://web3.career/senior-software-engineer-python-swissblock/70362
Python Engineer Blockchain Crypto,Bitpanda,https://web3.career/python-engineer-blockchain-crypto-bitpanda/70219
Senior Python Data Engineer Finance Digital Transmation,Crypto.com,https://web3.career/senior-python-data-engineer-finance-digital-transformation-crypto-com/69134
Python Engineer,Wallet,https://web3.career/python-engineer-wallet/68750
Tech lead L2,Keyko,https://web3.career/tech-lead-l2-keyko/67404
Senior BackEnd Engineer Javascript Python,Web3 Recruit,https://web3.career/senior-back-end-engineer-javascript-python-web3-recruit/67989
Senior Data Scientist $200k,Web3 Recruit,https://web3.career/senior-data-scientist-200k-web3-recruit/67717
Software Engineer Blockchain Python,Bitpanda,https://web3.career/software-engineer-blockchain-python-bitpanda/67421
Senior BackEnd Engineer Javascript Python,Volume,https://web3.career/senior-back-end-engineer-javascript-python-volume-finance/67202
Senior Python FrontEnd Developer,Stake Capital Group,https://web3.career/senior-python-front-end-developer-stake-capital-group/66245
DevOps Site Reliability Engineer,Gelato,https://web3.career/devops-site-reliability-engineer-gelato/66091
Support Engineer with Python,CoW Protocol,https://web3.career/support-engineer-with-python-cowswap/65965
DevOps Engineer,stakefish,https://web3.career/devops-engineer-stakefish/65579
Senior Python Engineer Assets and Hedging,Bitpanda,https://web3.career/senior-python-engineer-assets-and-hedging-bitpanda/65455
Senior QA Engineer Cloud Auto + Java Python Coding,Binance,https://web3.career/senior-qa-engineer-cloud-auto-java-python-coding-binance/65103
